{
  "daysRemaining": 6,
  "cal": 3000,
  "upperMuscle": 148,
  "lowerMuscle": 27,
  "posX": 8.786375,
  "posY": 14.596634
}
